{
  "/brightnessB": {
    "min": 0,
    "max": 100,
    "value": 49.76980209350586
  },
  "/rows": {
    "min": 2,
    "max": 10,
    "value": 9.384521484375
  },
  "/rect_height": {
    "lowValue": 0.2884615361690521,
    "highValue": 0.857692301273346
  },
  "/hue_shift": {
    "min": 0,
    "max": 360,
    "value": 167.20562744140625
  },
  "/padding": {
    "min": 0,
    "max": 0.5,
    "value": 0.4009988605976105
  },
  "/saturationS": {
    "min": 0,
    "max": 100,
    "value": 52.78364562988281
  },
  "/hueS": {
    "min": 0,
    "max": 360,
    "value": 191.33985900878906
  },
  "/orientation": {"arrayValue": "[F@48b15f1d"},
  "/brightnessS": {
    "min": 0,
    "max": 100,
    "value": 89.6087417602539
  },
  "/saturationB": {
    "min": 0,
    "max": 100,
    "value": 81.87236785888672
  },
  "/cols": {
    "min": 2,
    "max": 10,
    "value": 5.083346843719482
  },
  "/rect_width": {
    "lowValue": 0.38461539149284363,
    "highValue": 0.6538461446762085
  },
  "/saturation2": {
    "min": 0,
    "max": 100,
    "value": 14.331513404846191
  },
  "/saturation1": {
    "min": 0,
    "max": 100,
    "value": 1.238030195236206
  },
  "/saturation4": {
    "min": 0,
    "max": 100,
    "value": 8.969963073730469
  },
  "/saturation3": {
    "min": 0,
    "max": 100,
    "value": 93.94476318359375
  },
  "/direction": {"arrayValue": "[F@55e7814f"},
  "/hue4": {
    "min": 0,
    "max": 360,
    "value": 45.286869049072266
  },
  "/hue3": {
    "min": 0,
    "max": 360,
    "value": 147.6664581298828
  },
  "/hue2": {
    "min": 0,
    "max": 360,
    "value": 273.2125244140625
  },
  "/hue1": {
    "min": 0,
    "max": 360,
    "value": 305.8139953613281
  },
  "/brightness1": {
    "min": 0,
    "max": 100,
    "value": 45.01820373535156
  },
  "/margin_rect": {
    "min": 0,
    "max": 0.5,
    "value": 0.06162667274475098
  },
  "/brightness2": {
    "min": 0,
    "max": 100,
    "value": 50.514888763427734
  },
  "/brightness3": {
    "min": 0,
    "max": 100,
    "value": 35.354793548583984
  },
  "/external": {
    "lowValue": 0.8269230723381042,
    "highValue": 0.9115384817123413
  },
  "/brightness4": {
    "min": 0,
    "max": 100,
    "value": 72.46576690673828
  },
  "/margin_point": {
    "min": 0,
    "max": 0.5,
    "value": 0.07260984182357788
  },
  "/v_height": {
    "min": 200,
    "max": 700,
    "value": 473.4823303222656
  },
  "/hueB": {
    "min": 0,
    "max": 360,
    "value": 335.8807067871094
  },
  "/v_width": {
    "min": 200,
    "max": 700,
    "value": 607.2161254882812
  }
}